"STATION","NAME","DATE","TAVG","TMAX","TMIN"
"USW00093193","FRESNO YOSEMITE INTERNATIONAL, CA US","2023-01-01","52","56","42"
"USW00093193","FRESNO YOSEMITE INTERNATIONAL, CA US","2023-01-02","45","50","39"
"USW00093193","FRESNO YOSEMITE INTERNATIONAL, CA US","2023-01-03","50","59","46"
"USW00093193","FRESNO YOSEMITE INTERNATIONAL, CA US","2023-01-04","53","64","45"
"USW00093193","FRESNO YOSEMITE INTERNATIONAL, CA US","2023-01-05","57","61","46"
"USW00093193","FRESNO YOSEMITE INTERNATIONAL, CA US","2023-01-06","49","58","40"
"USW00093193","FRESNO YOSEMITE INTERNATIONAL, CA US","2023-01-07","51","64","45"
"USW00093193","FRESNO YOSEMITE INTERNATIONAL, CA US","2023-01-08","56","60","50"
"USW00093193","FRESNO YOSEMITE INTERNATIONAL, CA US","2023-01-09","57","59","54"
"USW00093193","FRESNO YOSEMITE INTERNATIONAL, CA US","2023-01-10","57","62","47"
"USW00093193","FRESNO YOSEMITE INTERNATIONAL, CA US","2023-01-11","51","57","46"
"USW00093193","FRESNO YOSEMITE INTERNATIONAL, CA US","2023-01-12","53","64","45"
"USW00093193","FRESNO YOSEMITE INTERNATIONAL, CA US","2023-01-13","56","63","50"
"USW00093193","FRESNO YOSEMITE INTERNATIONAL, CA US","2023-01-14","54","56","51"
"USW00093193","FRESNO YOSEMITE INTERNATIONAL, CA US","2023-01-15","51","53","45"
"USW00093193","FRESNO YOSEMITE INTERNATIONAL, CA US","2023-01-16","50","57","43"
"USW00093193","FRESNO YOSEMITE INTERNATIONAL, CA US","2023-01-17","45","52","39"
"USW00093193","FRESNO YOSEMITE INTERNATIONAL, CA US","2023-01-18","44","55","37"
"USW00093193","FRESNO YOSEMITE INTERNATIONAL, CA US","2023-01-19","48","54","43"
"USW00093193","FRESNO YOSEMITE INTERNATIONAL, CA US","2023-01-20","46","55","41"
"USW00093193","FRESNO YOSEMITE INTERNATIONAL, CA US","2023-01-21","44","55","35"
"USW00093193","FRESNO YOSEMITE INTERNATIONAL, CA US","2023-01-23","44","54","35"
"USW00093193","FRESNO YOSEMITE INTERNATIONAL, CA US","2023-01-24","44","59","33"
"USW00093193","FRESNO YOSEMITE INTERNATIONAL, CA US","2023-01-25","46","60","35"
"USW00093193","FRESNO YOSEMITE INTERNATIONAL, CA US","2023-01-26","48","64","37"
"USW00093193","FRESNO YOSEMITE INTERNATIONAL, CA US","2023-01-27","49","63","37"
"USW00093193","FRESNO YOSEMITE INTERNATIONAL, CA US","2023-01-28","49","61","37"
"USW00093193","FRESNO YOSEMITE INTERNATIONAL, CA US","2023-01-29","47","53","39"
"USW00093193","FRESNO YOSEMITE INTERNATIONAL, CA US","2023-01-30","45","53","37"
"USW00093193","FRESNO YOSEMITE INTERNATIONAL, CA US","2023-01-31","42","54","32"
"USW00093193","FRESNO YOSEMITE INTERNATIONAL, CA US","2023-02-01","45","62","34"
"USW00093193","FRESNO YOSEMITE INTERNATIONAL, CA US","2023-02-02","49","64","37"
"USW00093193","FRESNO YOSEMITE INTERNATIONAL, CA US","2023-02-03","54","68","44"
"USW00093193","FRESNO YOSEMITE INTERNATIONAL, CA US","2023-02-04","53","68","40"
"USW00093193","FRESNO YOSEMITE INTERNATIONAL, CA US","2023-02-05","56","59","42"
"USW00093193","FRESNO YOSEMITE INTERNATIONAL, CA US","2023-02-06","43","52","38"
"USW00093193","FRESNO YOSEMITE INTERNATIONAL, CA US","2023-02-07","46","59","36"
"USW00093193","FRESNO YOSEMITE INTERNATIONAL, CA US","2023-02-08","48","63","37"
"USW00093193","FRESNO YOSEMITE INTERNATIONAL, CA US","2023-02-09","52","68","41"
"USW00093193","FRESNO YOSEMITE INTERNATIONAL, CA US","2023-02-10","54","69","42"
"USW00093193","FRESNO YOSEMITE INTERNATIONAL, CA US","2023-02-11","53","58","42"
"USW00093193","FRESNO YOSEMITE INTERNATIONAL, CA US","2023-02-12","49","59","39"
"USW00093193","FRESNO YOSEMITE INTERNATIONAL, CA US","2023-02-13","51","65","40"
"USW00093193","FRESNO YOSEMITE INTERNATIONAL, CA US","2023-02-15","42","55","31"
"USW00093193","FRESNO YOSEMITE INTERNATIONAL, CA US","2023-02-16","45","60","33"
"USW00093193","FRESNO YOSEMITE INTERNATIONAL, CA US","2023-02-17","48","61","36"
"USW00093193","FRESNO YOSEMITE INTERNATIONAL, CA US","2023-02-18","47","63","34"
"USW00093193","FRESNO YOSEMITE INTERNATIONAL, CA US","2023-02-19","50","66","36"
"USW00093193","FRESNO YOSEMITE INTERNATIONAL, CA US","2023-02-20","52","68","38"
"USW00093193","FRESNO YOSEMITE INTERNATIONAL, CA US","2023-02-21","54","68","42"
"USW00093193","FRESNO YOSEMITE INTERNATIONAL, CA US","2023-02-22","46","52","37"
"USW00093193","FRESNO YOSEMITE INTERNATIONAL, CA US","2023-02-23","42","52","35"
"USW00093193","FRESNO YOSEMITE INTERNATIONAL, CA US","2023-02-24","45","49","41"
"USW00093193","FRESNO YOSEMITE INTERNATIONAL, CA US","2023-02-25","42","46","38"
"USW00093193","FRESNO YOSEMITE INTERNATIONAL, CA US","2023-02-26","43","52","37"
"USW00093193","FRESNO YOSEMITE INTERNATIONAL, CA US","2023-02-27","48","53","40"
"USW00093193","FRESNO YOSEMITE INTERNATIONAL, CA US","2023-02-28","45","51","38"
"USW00093193","FRESNO YOSEMITE INTERNATIONAL, CA US","2023-03-01","44","51","38"
"USW00093193","FRESNO YOSEMITE INTERNATIONAL, CA US","2023-03-02","45","57","34"
"USW00093193","FRESNO YOSEMITE INTERNATIONAL, CA US","2023-03-03","48","59","37"
"USW00093193","FRESNO YOSEMITE INTERNATIONAL, CA US","2023-03-04","51","56","45"
"USW00093193","FRESNO YOSEMITE INTERNATIONAL, CA US","2023-03-05","48","50","43"
"USW00093193","FRESNO YOSEMITE INTERNATIONAL, CA US","2023-03-06","46","58","38"
"USW00093193","FRESNO YOSEMITE INTERNATIONAL, CA US","2023-03-07","49","58","39"
"USW00093193","FRESNO YOSEMITE INTERNATIONAL, CA US","2023-03-08","49","59","39"
"USW00093193","FRESNO YOSEMITE INTERNATIONAL, CA US","2023-03-09","50","59","42"
"USW00093193","FRESNO YOSEMITE INTERNATIONAL, CA US","2023-03-10","55","62","54"
"USW00093193","FRESNO YOSEMITE INTERNATIONAL, CA US","2023-03-11","60","71","56"
"USW00093193","FRESNO YOSEMITE INTERNATIONAL, CA US","2023-03-12","60","68","53"
"USW00093193","FRESNO YOSEMITE INTERNATIONAL, CA US","2023-03-13","59","71","50"
"USW00093193","FRESNO YOSEMITE INTERNATIONAL, CA US","2023-03-14","60","64","55"
"USW00093193","FRESNO YOSEMITE INTERNATIONAL, CA US","2023-03-15","56","61","48"
"USW00093193","FRESNO YOSEMITE INTERNATIONAL, CA US","2023-03-16","53","66","45"
"USW00093193","FRESNO YOSEMITE INTERNATIONAL, CA US","2023-03-17","58","69","48"
"USW00093193","FRESNO YOSEMITE INTERNATIONAL, CA US","2023-03-18","60","70","49"
"USW00093193","FRESNO YOSEMITE INTERNATIONAL, CA US","2023-03-19","60","67","54"
"USW00093193","FRESNO YOSEMITE INTERNATIONAL, CA US","2023-03-20","58","","53"
"USW00093193","FRESNO YOSEMITE INTERNATIONAL, CA US","2023-03-21","57","63","47"
"USW00093193","FRESNO YOSEMITE INTERNATIONAL, CA US","2023-03-22","51","57","47"
"USW00093193","FRESNO YOSEMITE INTERNATIONAL, CA US","2023-03-23","52","58","48"
"USW00093193","FRESNO YOSEMITE INTERNATIONAL, CA US","2023-03-24","51","60","45"
"USW00093193","FRESNO YOSEMITE INTERNATIONAL, CA US","2023-03-25","50","60","41"
"USW00093193","FRESNO YOSEMITE INTERNATIONAL, CA US","2023-03-26","50","60","39"
"USW00093193","FRESNO YOSEMITE INTERNATIONAL, CA US","2023-03-27","50","65",""
"USW00093193","FRESNO YOSEMITE INTERNATIONAL, CA US","2023-03-28","56","63","46"
"USW00093193","FRESNO YOSEMITE INTERNATIONAL, CA US","2023-03-29","51","58","45"
"USW00093193","FRESNO YOSEMITE INTERNATIONAL, CA US","2023-03-30","50","58","45"
"USW00093193","FRESNO YOSEMITE INTERNATIONAL, CA US","2023-03-31","51","65",""
"USW00093193","FRESNO YOSEMITE INTERNATIONAL, CA US","2023-04-01","54","68","43"
"USW00093193","FRESNO YOSEMITE INTERNATIONAL, CA US","2023-04-02","57","68","47"
"USW00093193","FRESNO YOSEMITE INTERNATIONAL, CA US","2023-04-03","53","58","43"
"USW00093193","FRESNO YOSEMITE INTERNATIONAL, CA US","2023-04-04","49","60","38"
"USW00093193","FRESNO YOSEMITE INTERNATIONAL, CA US","2023-04-05","51","64","39"
"USW00093193","FRESNO YOSEMITE INTERNATIONAL, CA US","2023-04-06","56","71","41"
"USW00093193","FRESNO YOSEMITE INTERNATIONAL, CA US","2023-04-07","62","70","55"
"USW00093193","FRESNO YOSEMITE INTERNATIONAL, CA US","2023-04-08","62","73","51"
"USW00093193","FRESNO YOSEMITE INTERNATIONAL, CA US","2023-04-09","64","79","53"
"USW00093193","FRESNO YOSEMITE INTERNATIONAL, CA US","2023-04-10","69","88","56"
"USW00093193","FRESNO YOSEMITE INTERNATIONAL, CA US","2023-04-11","68","75","56"
"USW00093193","FRESNO YOSEMITE INTERNATIONAL, CA US","2023-04-12","61","69","48"
"USW00093193","FRESNO YOSEMITE INTERNATIONAL, CA US","2023-04-13","56","67","45"
"USW00093193","FRESNO YOSEMITE INTERNATIONAL, CA US","2023-04-14","58","72","47"
"USW00093193","FRESNO YOSEMITE INTERNATIONAL, CA US","2023-04-15","62","78","48"
"USW00093193","FRESNO YOSEMITE INTERNATIONAL, CA US","2023-04-16","64","76","51"
"USW00093193","FRESNO YOSEMITE INTERNATIONAL, CA US","2023-04-17","62","70","50"
"USW00093193","FRESNO YOSEMITE INTERNATIONAL, CA US","2023-04-18","57","66","46"
"USW00093193","FRESNO YOSEMITE INTERNATIONAL, CA US","2023-04-19","55","68","45"
"USW00093193","FRESNO YOSEMITE INTERNATIONAL, CA US","2023-04-20","58","74","45"
"USW00093193","FRESNO YOSEMITE INTERNATIONAL, CA US","2023-04-21","64","81","50"
"USW00093193","FRESNO YOSEMITE INTERNATIONAL, CA US","2023-04-22","69","84","57"
"USW00093193","FRESNO YOSEMITE INTERNATIONAL, CA US","2023-04-23","71","83","58"
"USW00093193","FRESNO YOSEMITE INTERNATIONAL, CA US","2023-04-24","69","85","56"
"USW00093193","FRESNO YOSEMITE INTERNATIONAL, CA US","2023-04-25","68","84","54"
"USW00093193","FRESNO YOSEMITE INTERNATIONAL, CA US","2023-04-26","74","91","60"
"USW00093193","FRESNO YOSEMITE INTERNATIONAL, CA US","2023-04-27","77","94","62"
"USW00093193","FRESNO YOSEMITE INTERNATIONAL, CA US","2023-04-28","80","97","64"
"USW00093193","FRESNO YOSEMITE INTERNATIONAL, CA US","2023-04-29","80","94","64"
"USW00093193","FRESNO YOSEMITE INTERNATIONAL, CA US","2023-04-30","77","85","57"
"USW00093193","FRESNO YOSEMITE INTERNATIONAL, CA US","2023-05-01","62","69","50"
"USW00093193","FRESNO YOSEMITE INTERNATIONAL, CA US","2023-05-02","58","68","53"
"USW00093193","FRESNO YOSEMITE INTERNATIONAL, CA US","2023-05-03","59","66","50"
"USW00093193","FRESNO YOSEMITE INTERNATIONAL, CA US","2023-05-04","57","65","50"
"USW00093193","FRESNO YOSEMITE INTERNATIONAL, CA US","2023-05-05","59","69","52"
"USW00093193","FRESNO YOSEMITE INTERNATIONAL, CA US","2023-05-06","61","71","53"
"USW00093193","FRESNO YOSEMITE INTERNATIONAL, CA US","2023-05-07","62","76","50"
"USW00093193","FRESNO YOSEMITE INTERNATIONAL, CA US","2023-05-08","64","76","52"
"USW00093193","FRESNO YOSEMITE INTERNATIONAL, CA US","2023-05-09","63","75","52"
"USW00093193","FRESNO YOSEMITE INTERNATIONAL, CA US","2023-05-10","63","76","52"
"USW00093193","FRESNO YOSEMITE INTERNATIONAL, CA US","2023-05-11","64","79","51"
"USW00093193","FRESNO YOSEMITE INTERNATIONAL, CA US","2023-05-12","70","86","57"
"USW00093193","FRESNO YOSEMITE INTERNATIONAL, CA US","2023-05-13","77","93","63"
"USW00093193","FRESNO YOSEMITE INTERNATIONAL, CA US","2023-05-14","82","99","67"
"USW00093193","FRESNO YOSEMITE INTERNATIONAL, CA US","2023-05-15","83","97","65"
"USW00093193","FRESNO YOSEMITE INTERNATIONAL, CA US","2023-05-16","80","95","64"
"USW00093193","FRESNO YOSEMITE INTERNATIONAL, CA US","2023-05-17","82","97","68"
"USW00093193","FRESNO YOSEMITE INTERNATIONAL, CA US","2023-05-18","82","97","65"
"USW00093193","FRESNO YOSEMITE INTERNATIONAL, CA US","2023-05-19","80","94","64"
"USW00093193","FRESNO YOSEMITE INTERNATIONAL, CA US","2023-05-20","78","92","63"
"USW00093193","FRESNO YOSEMITE INTERNATIONAL, CA US","2023-05-21","78","94","62"
"USW00093193","FRESNO YOSEMITE INTERNATIONAL, CA US","2023-05-22","82","97","68"
"USW00093193","FRESNO YOSEMITE INTERNATIONAL, CA US","2023-05-23","80","90","61"
"USW00093193","FRESNO YOSEMITE INTERNATIONAL, CA US","2023-05-24","69","82","56"
"USW00093193","FRESNO YOSEMITE INTERNATIONAL, CA US","2023-05-25","68","82","56"
"USW00093193","FRESNO YOSEMITE INTERNATIONAL, CA US","2023-05-26","68","81","56"
"USW00093193","FRESNO YOSEMITE INTERNATIONAL, CA US","2023-05-27","72","86","59"
"USW00093193","FRESNO YOSEMITE INTERNATIONAL, CA US","2023-05-28","74","85","61"
"USW00093193","FRESNO YOSEMITE INTERNATIONAL, CA US","2023-05-29","71","84","61"
"USW00093193","FRESNO YOSEMITE INTERNATIONAL, CA US","2023-05-30","69","80","60"
"USW00093193","FRESNO YOSEMITE INTERNATIONAL, CA US","2023-05-31","69","84","56"
"USW00093193","FRESNO YOSEMITE INTERNATIONAL, CA US","2023-06-01","71","85","57"
"USW00093193","FRESNO YOSEMITE INTERNATIONAL, CA US","2023-06-02","71","87","58"
"USW00093193","FRESNO YOSEMITE INTERNATIONAL, CA US","2023-06-03","77","92","63"
"USW00093193","FRESNO YOSEMITE INTERNATIONAL, CA US","2023-06-04","82","97","67"
"USW00093193","FRESNO YOSEMITE INTERNATIONAL, CA US","2023-06-05","81","89","68"
"USW00093193","FRESNO YOSEMITE INTERNATIONAL, CA US","2023-06-06","71","80","62"
"USW00093193","FRESNO YOSEMITE INTERNATIONAL, CA US","2023-06-07","70","75","63"
"USW00093193","FRESNO YOSEMITE INTERNATIONAL, CA US","2023-06-08","72","84","63"
"USW00093193","FRESNO YOSEMITE INTERNATIONAL, CA US","2023-06-09","74","87","61"
"USW00093193","FRESNO YOSEMITE INTERNATIONAL, CA US","2023-06-10","73","84","62"
"USW00093193","FRESNO YOSEMITE INTERNATIONAL, CA US","2023-06-11","72","86","63"
"USW00093193","FRESNO YOSEMITE INTERNATIONAL, CA US","2023-06-12","72","84","61"
"USW00093193","FRESNO YOSEMITE INTERNATIONAL, CA US","2023-06-13","75","88","62"
"USW00093193","FRESNO YOSEMITE INTERNATIONAL, CA US","2023-06-14","78","92","66"
"USW00093193","FRESNO YOSEMITE INTERNATIONAL, CA US","2023-06-15","80","92","67"
"USW00093193","FRESNO YOSEMITE INTERNATIONAL, CA US","2023-06-16","80","93","67"
"USW00093193","FRESNO YOSEMITE INTERNATIONAL, CA US","2023-06-17","82","98","69"
"USW00093193","FRESNO YOSEMITE INTERNATIONAL, CA US","2023-06-18","82","92","68"
"USW00093193","FRESNO YOSEMITE INTERNATIONAL, CA US","2023-06-19","71","79","57"
"USW00093193","FRESNO YOSEMITE INTERNATIONAL, CA US","2023-06-20","68","81","55"
"USW00093193","FRESNO YOSEMITE INTERNATIONAL, CA US","2023-06-21","71","86","56"
"USW00093193","FRESNO YOSEMITE INTERNATIONAL, CA US","2023-06-22","72","84","58"
"USW00093193","FRESNO YOSEMITE INTERNATIONAL, CA US","2023-06-23","68","81","57"
"USW00093193","FRESNO YOSEMITE INTERNATIONAL, CA US","2023-06-24","71","86","60"
"USW00093193","FRESNO YOSEMITE INTERNATIONAL, CA US","2023-06-25","73","87","60"
"USW00093193","FRESNO YOSEMITE INTERNATIONAL, CA US","2023-06-26","73","87","59"
"USW00093193","FRESNO YOSEMITE INTERNATIONAL, CA US","2023-06-27","74","87","61"
"USW00093193","FRESNO YOSEMITE INTERNATIONAL, CA US","2023-06-28","77","91","63"
"USW00093193","FRESNO YOSEMITE INTERNATIONAL, CA US","2023-06-29","81","96","67"
"USW00093193","FRESNO YOSEMITE INTERNATIONAL, CA US","2023-06-30","88","104","74"
"USW00093193","FRESNO YOSEMITE INTERNATIONAL, CA US","2023-07-01","92","108","77"
"USW00093193","FRESNO YOSEMITE INTERNATIONAL, CA US","2023-07-02","94","108","77"
"USW00093193","FRESNO YOSEMITE INTERNATIONAL, CA US","2023-07-03","91","104","76"
"USW00093193","FRESNO YOSEMITE INTERNATIONAL, CA US","2023-07-04","86","100","70"
"USW00093193","FRESNO YOSEMITE INTERNATIONAL, CA US","2023-07-05","84","99","67"
"USW00093193","FRESNO YOSEMITE INTERNATIONAL, CA US","2023-07-06","80","95","64"
"USW00093193","FRESNO YOSEMITE INTERNATIONAL, CA US","2023-07-07","78","93","61"
"USW00093193","FRESNO YOSEMITE INTERNATIONAL, CA US","2023-07-08","77","90","63"
"USW00093193","FRESNO YOSEMITE INTERNATIONAL, CA US","2023-07-09","75","89","60"
"USW00093193","FRESNO YOSEMITE INTERNATIONAL, CA US","2023-07-10","74","91","59"
"USW00093193","FRESNO YOSEMITE INTERNATIONAL, CA US","2023-07-11","82","99","68"
"USW00093193","FRESNO YOSEMITE INTERNATIONAL, CA US","2023-07-12","86","102","70"
"USW00093193","FRESNO YOSEMITE INTERNATIONAL, CA US","2023-07-13","86","101","68"
"USW00093193","FRESNO YOSEMITE INTERNATIONAL, CA US","2023-07-14","86","101","71"
"USW00093193","FRESNO YOSEMITE INTERNATIONAL, CA US","2023-07-15","90","106","76"
"USW00093193","FRESNO YOSEMITE INTERNATIONAL, CA US","2023-07-16","93","108","79"
"USW00093193","FRESNO YOSEMITE INTERNATIONAL, CA US","2023-07-17","94","109","81"
"USW00093193","FRESNO YOSEMITE INTERNATIONAL, CA US","2023-07-18","93","105","78"
"USW00093193","FRESNO YOSEMITE INTERNATIONAL, CA US","2023-07-19","89","104","75"
"USW00093193","FRESNO YOSEMITE INTERNATIONAL, CA US","2023-07-20","88","104","72"
"USW00093193","FRESNO YOSEMITE INTERNATIONAL, CA US","2023-07-21","89","104","74"
"USW00093193","FRESNO YOSEMITE INTERNATIONAL, CA US","2023-07-22","93","108","78"
"USW00093193","FRESNO YOSEMITE INTERNATIONAL, CA US","2023-07-23","94","107","81"
"USW00093193","FRESNO YOSEMITE INTERNATIONAL, CA US","2023-07-24","89","102","74"
"USW00093193","FRESNO YOSEMITE INTERNATIONAL, CA US","2023-07-25","86","101","70"
"USW00093193","FRESNO YOSEMITE INTERNATIONAL, CA US","2023-07-26","88","105","73"
"USW00093193","FRESNO YOSEMITE INTERNATIONAL, CA US","2023-07-27","88","103","71"
"USW00093193","FRESNO YOSEMITE INTERNATIONAL, CA US","2023-07-28","85","100","70"
"USW00093193","FRESNO YOSEMITE INTERNATIONAL, CA US","2023-07-29","86","102","71"
"USW00093193","FRESNO YOSEMITE INTERNATIONAL, CA US","2023-07-30","86","103","69"
"USW00093193","FRESNO YOSEMITE INTERNATIONAL, CA US","2023-07-31","88","104","71"
"USW00093193","FRESNO YOSEMITE INTERNATIONAL, CA US","2023-08-01","87","100","72"
"USW00093193","FRESNO YOSEMITE INTERNATIONAL, CA US","2023-08-02","80","93","65"
"USW00093193","FRESNO YOSEMITE INTERNATIONAL, CA US","2023-08-03","77","91","63"
"USW00093193","FRESNO YOSEMITE INTERNATIONAL, CA US","2023-08-04","77","93","63"
"USW00093193","FRESNO YOSEMITE INTERNATIONAL, CA US","2023-08-05","84","97","69"
"USW00093193","FRESNO YOSEMITE INTERNATIONAL, CA US","2023-08-06","86","100","72"
"USW00093193","FRESNO YOSEMITE INTERNATIONAL, CA US","2023-08-07","89","104","75"
"USW00093193","FRESNO YOSEMITE INTERNATIONAL, CA US","2023-08-08","87","100","71"
"USW00093193","FRESNO YOSEMITE INTERNATIONAL, CA US","2023-08-09","83","96","67"
"USW00093193","FRESNO YOSEMITE INTERNATIONAL, CA US","2023-08-10","81","94","66"
"USW00093193","FRESNO YOSEMITE INTERNATIONAL, CA US","2023-08-11","80","93","72"
"USW00093193","FRESNO YOSEMITE INTERNATIONAL, CA US","2023-08-12","83","98","69"
"USW00093193","FRESNO YOSEMITE INTERNATIONAL, CA US","2023-08-13","87","97","75"
"USW00093193","FRESNO YOSEMITE INTERNATIONAL, CA US","2023-08-14","90","106","78"
"USW00093193","FRESNO YOSEMITE INTERNATIONAL, CA US","2023-08-15","91","108","76"
"USW00093193","FRESNO YOSEMITE INTERNATIONAL, CA US","2023-08-16","92","106","78"
"USW00093193","FRESNO YOSEMITE INTERNATIONAL, CA US","2023-08-17","92","106","77"
"USW00093193","FRESNO YOSEMITE INTERNATIONAL, CA US","2023-08-18","88","101","76"
"USW00093193","FRESNO YOSEMITE INTERNATIONAL, CA US","2023-08-19","84","98","71"
"USW00093193","FRESNO YOSEMITE INTERNATIONAL, CA US","2023-08-20","78","78","70"
"USW00093193","FRESNO YOSEMITE INTERNATIONAL, CA US","2023-08-21","75","89","68"
"USW00093193","FRESNO YOSEMITE INTERNATIONAL, CA US","2023-08-22","77","92","67"
"USW00093193","FRESNO YOSEMITE INTERNATIONAL, CA US","2023-08-23","82","98","69"
"USW00093193","FRESNO YOSEMITE INTERNATIONAL, CA US","2023-08-24","86","100","72"
"USW00093193","FRESNO YOSEMITE INTERNATIONAL, CA US","2023-08-25","82","95","68"
"USW00093193","FRESNO YOSEMITE INTERNATIONAL, CA US","2023-08-26","82","96","67"
"USW00093193","FRESNO YOSEMITE INTERNATIONAL, CA US","2023-08-27","82","97","66"
"USW00093193","FRESNO YOSEMITE INTERNATIONAL, CA US","2023-08-28","83","99","68"
"USW00093193","FRESNO YOSEMITE INTERNATIONAL, CA US","2023-08-29","85","99","69"
"USW00093193","FRESNO YOSEMITE INTERNATIONAL, CA US","2023-08-30","81","98","67"
"USW00093193","FRESNO YOSEMITE INTERNATIONAL, CA US","2023-08-31","85","100","70"
"USW00093193","FRESNO YOSEMITE INTERNATIONAL, CA US","2023-09-01","81","93","66"
"USW00093193","FRESNO YOSEMITE INTERNATIONAL, CA US","2023-09-02","75","83","66"
"USW00093193","FRESNO YOSEMITE INTERNATIONAL, CA US","2023-09-03","74","79","66"
"USW00093193","FRESNO YOSEMITE INTERNATIONAL, CA US","2023-09-04","71","85","60"
"USW00093193","FRESNO YOSEMITE INTERNATIONAL, CA US","2023-09-05","77","92","65"
"USW00093193","FRESNO YOSEMITE INTERNATIONAL, CA US","2023-09-06","80","93","68"
"USW00093193","FRESNO YOSEMITE INTERNATIONAL, CA US","2023-09-07","79","94","64"
"USW00093193","FRESNO YOSEMITE INTERNATIONAL, CA US","2023-09-08","82","98","67"
"USW00093193","FRESNO YOSEMITE INTERNATIONAL, CA US","2023-09-09","85","97","72"
"USW00093193","FRESNO YOSEMITE INTERNATIONAL, CA US","2023-09-10","83","96","73"
"USW00093193","FRESNO YOSEMITE INTERNATIONAL, CA US","2023-09-11","82","95","70"
"USW00093193","FRESNO YOSEMITE INTERNATIONAL, CA US","2023-09-12","80","95","65"
"USW00093193","FRESNO YOSEMITE INTERNATIONAL, CA US","2023-09-13","79","92","65"
"USW00093193","FRESNO YOSEMITE INTERNATIONAL, CA US","2023-09-14","79","93","65"
"USW00093193","FRESNO YOSEMITE INTERNATIONAL, CA US","2023-09-15","81","96","66"
"USW00093193","FRESNO YOSEMITE INTERNATIONAL, CA US","2023-09-16","80","93","68"
"USW00093193","FRESNO YOSEMITE INTERNATIONAL, CA US","2023-09-17","75","86","63"
"USW00093193","FRESNO YOSEMITE INTERNATIONAL, CA US","2023-09-18","73","85","62"
"USW00093193","FRESNO YOSEMITE INTERNATIONAL, CA US","2023-09-19","74","86","63"
"USW00093193","FRESNO YOSEMITE INTERNATIONAL, CA US","2023-09-20","76","89","65"
"USW00093193","FRESNO YOSEMITE INTERNATIONAL, CA US","2023-09-21","72","80","60"
"USW00093193","FRESNO YOSEMITE INTERNATIONAL, CA US","2023-09-22","71","84","60"
"USW00093193","FRESNO YOSEMITE INTERNATIONAL, CA US","2023-09-23","73","87","60"
"USW00093193","FRESNO YOSEMITE INTERNATIONAL, CA US","2023-09-24","73","88","59"
"USW00093193","FRESNO YOSEMITE INTERNATIONAL, CA US","2023-09-25","72","86","58"
"USW00093193","FRESNO YOSEMITE INTERNATIONAL, CA US","2023-09-26","71","85","58"
"USW00093193","FRESNO YOSEMITE INTERNATIONAL, CA US","2023-09-27","72","85","61"
"USW00093193","FRESNO YOSEMITE INTERNATIONAL, CA US","2023-09-28","72","85","60"
"USW00093193","FRESNO YOSEMITE INTERNATIONAL, CA US","2023-09-29","73","86","61"
"USW00093193","FRESNO YOSEMITE INTERNATIONAL, CA US","2023-09-30","68","74","58"
"USW00093193","FRESNO YOSEMITE INTERNATIONAL, CA US","2023-10-01","63","74","55"
"USW00093193","FRESNO YOSEMITE INTERNATIONAL, CA US","2023-10-02","69","79","62"
"USW00093193","FRESNO YOSEMITE INTERNATIONAL, CA US","2023-10-03","70","83","60"
"USW00093193","FRESNO YOSEMITE INTERNATIONAL, CA US","2023-10-04","73","89","61"
"USW00093193","FRESNO YOSEMITE INTERNATIONAL, CA US","2023-10-05","77","93","63"
"USW00093193","FRESNO YOSEMITE INTERNATIONAL, CA US","2023-10-06","79","94","64"
"USW00093193","FRESNO YOSEMITE INTERNATIONAL, CA US","2023-10-07","80","97","66"
"USW00093193","FRESNO YOSEMITE INTERNATIONAL, CA US","2023-10-08","81","98","66"
"USW00093193","FRESNO YOSEMITE INTERNATIONAL, CA US","2023-10-09","77","84","62"
"USW00093193","FRESNO YOSEMITE INTERNATIONAL, CA US","2023-10-10","67","80","57"
"USW00093193","FRESNO YOSEMITE INTERNATIONAL, CA US","2023-10-11","67","75","58"
"USW00093193","FRESNO YOSEMITE INTERNATIONAL, CA US","2023-10-12","63","78","51"
"USW00093193","FRESNO YOSEMITE INTERNATIONAL, CA US","2023-10-13","67","84","55"
"USW00093193","FRESNO YOSEMITE INTERNATIONAL, CA US","2023-10-14","69","84","57"
"USW00093193","FRESNO YOSEMITE INTERNATIONAL, CA US","2023-10-15","70","88","55"
"USW00093193","FRESNO YOSEMITE INTERNATIONAL, CA US","2023-10-16","72","85","59"
"USW00093193","FRESNO YOSEMITE INTERNATIONAL, CA US","2023-10-17","70","84","57"
"USW00093193","FRESNO YOSEMITE INTERNATIONAL, CA US","2023-10-18","72","89","59"
"USW00093193","FRESNO YOSEMITE INTERNATIONAL, CA US","2023-10-19","74","91","60"
"USW00093193","FRESNO YOSEMITE INTERNATIONAL, CA US","2023-10-20","76","93","63"
"USW00093193","FRESNO YOSEMITE INTERNATIONAL, CA US","2023-10-21","73","82","60"
"USW00093193","FRESNO YOSEMITE INTERNATIONAL, CA US","2023-10-22","67","77","57"
"USW00093193","FRESNO YOSEMITE INTERNATIONAL, CA US","2023-10-23","64","68","59"
"USW00093193","FRESNO YOSEMITE INTERNATIONAL, CA US","2023-10-24","64","78","56"
"USW00093193","FRESNO YOSEMITE INTERNATIONAL, CA US","2023-10-25","67","78","57"
"USW00093193","FRESNO YOSEMITE INTERNATIONAL, CA US","2023-10-26","63","69","54"
"USW00093193","FRESNO YOSEMITE INTERNATIONAL, CA US","2023-10-27","58","71","47"
"USW00093193","FRESNO YOSEMITE INTERNATIONAL, CA US","2023-10-28","56","69","44"
"USW00093193","FRESNO YOSEMITE INTERNATIONAL, CA US","2023-10-29","56","71","44"
"USW00093193","FRESNO YOSEMITE INTERNATIONAL, CA US","2023-10-30","58","74","44"
"USW00093193","FRESNO YOSEMITE INTERNATIONAL, CA US","2023-10-31","60","78","44"
"USW00093193","FRESNO YOSEMITE INTERNATIONAL, CA US","2023-11-01","60","77","45"
"USW00093193","FRESNO YOSEMITE INTERNATIONAL, CA US","2023-11-02","61","79","47"
"USW00093193","FRESNO YOSEMITE INTERNATIONAL, CA US","2023-11-03","63","78","50"
"USW00093193","FRESNO YOSEMITE INTERNATIONAL, CA US","2023-11-04","64","81","51"
"USW00093193","FRESNO YOSEMITE INTERNATIONAL, CA US","2023-11-05","65","80","51"
"USW00093193","FRESNO YOSEMITE INTERNATIONAL, CA US","2023-11-06","66","76","58"
"USW00093193","FRESNO YOSEMITE INTERNATIONAL, CA US","2023-11-07","62","67","51"
"USW00093193","FRESNO YOSEMITE INTERNATIONAL, CA US","2023-11-08","56","68","45"
"USW00093193","FRESNO YOSEMITE INTERNATIONAL, CA US","2023-11-09","56","69","45"
"USW00093193","FRESNO YOSEMITE INTERNATIONAL, CA US","2023-11-10","55","68","43"
"USW00093193","FRESNO YOSEMITE INTERNATIONAL, CA US","2023-11-11","55","70","43"
"USW00093193","FRESNO YOSEMITE INTERNATIONAL, CA US","2023-11-12","57","77","44"
"USW00093193","FRESNO YOSEMITE INTERNATIONAL, CA US","2023-11-13","61","76","49"
"USW00093193","FRESNO YOSEMITE INTERNATIONAL, CA US","2023-11-14","60","75","46"
"USW00093193","FRESNO YOSEMITE INTERNATIONAL, CA US","2023-11-15","58","72","45"
"USW00093193","FRESNO YOSEMITE INTERNATIONAL, CA US","2023-11-16","62","76","54"
"USW00093193","FRESNO YOSEMITE INTERNATIONAL, CA US","2023-11-17","62","75","50"
"USW00093193","FRESNO YOSEMITE INTERNATIONAL, CA US","2023-11-18","63","65","58"
"USW00093193","FRESNO YOSEMITE INTERNATIONAL, CA US","2023-11-19","57","64","47"
"USW00093193","FRESNO YOSEMITE INTERNATIONAL, CA US","2023-11-20","51","65","40"
"USW00093193","FRESNO YOSEMITE INTERNATIONAL, CA US","2023-11-21","53","72","41"
"USW00093193","FRESNO YOSEMITE INTERNATIONAL, CA US","2023-11-22","54","68","41"
"USW00093193","FRESNO YOSEMITE INTERNATIONAL, CA US","2023-11-23","57","68","45"
"USW00093193","FRESNO YOSEMITE INTERNATIONAL, CA US","2023-11-24","52","60","42"
"USW00093193","FRESNO YOSEMITE INTERNATIONAL, CA US","2023-11-25","49","63","38"
"USW00093193","FRESNO YOSEMITE INTERNATIONAL, CA US","2023-11-26","49","61","37"
"USW00093193","FRESNO YOSEMITE INTERNATIONAL, CA US","2023-11-27","48","65","36"
"USW00093193","FRESNO YOSEMITE INTERNATIONAL, CA US","2023-11-28","51","68","38"
"USW00093193","FRESNO YOSEMITE INTERNATIONAL, CA US","2023-11-29","51","64","38"
"USW00093193","FRESNO YOSEMITE INTERNATIONAL, CA US","2023-11-30","51","64","40"
"USW00093193","FRESNO YOSEMITE INTERNATIONAL, CA US","2023-12-01","53","61","42"
"USW00093193","FRESNO YOSEMITE INTERNATIONAL, CA US","2023-12-02","49","61","37"
"USW00093193","FRESNO YOSEMITE INTERNATIONAL, CA US","2023-12-03","50","58","40"
"USW00093193","FRESNO YOSEMITE INTERNATIONAL, CA US","2023-12-04","53","65","46"
"USW00093193","FRESNO YOSEMITE INTERNATIONAL, CA US","2023-12-05","52","68","41"
"USW00093193","FRESNO YOSEMITE INTERNATIONAL, CA US","2023-12-06","56","77","43"
"USW00093193","FRESNO YOSEMITE INTERNATIONAL, CA US","2023-12-07","57","65","47"
"USW00093193","FRESNO YOSEMITE INTERNATIONAL, CA US","2023-12-08","50","51","40"
"USW00093193","FRESNO YOSEMITE INTERNATIONAL, CA US","2023-12-09","44","59","35"
"USW00093193","FRESNO YOSEMITE INTERNATIONAL, CA US","2023-12-10","47","61","36"
"USW00093193","FRESNO YOSEMITE INTERNATIONAL, CA US","2023-12-11","48","61","38"
"USW00093193","FRESNO YOSEMITE INTERNATIONAL, CA US","2023-12-12","48","62","37"
"USW00093193","FRESNO YOSEMITE INTERNATIONAL, CA US","2023-12-13","48","63","37"
"USW00093193","FRESNO YOSEMITE INTERNATIONAL, CA US","2023-12-14","49","65","37"
"USW00093193","FRESNO YOSEMITE INTERNATIONAL, CA US","2023-12-15","50","68","37"
"USW00093193","FRESNO YOSEMITE INTERNATIONAL, CA US","2023-12-16","51","69","37"
"USW00093193","FRESNO YOSEMITE INTERNATIONAL, CA US","2023-12-17","52","67","42"
"USW00093193","FRESNO YOSEMITE INTERNATIONAL, CA US","2023-12-18","56","67","50"
"USW00093193","FRESNO YOSEMITE INTERNATIONAL, CA US","2023-12-19","61","67","55"
"USW00093193","FRESNO YOSEMITE INTERNATIONAL, CA US","2023-12-20","59","68","54"
"USW00093193","FRESNO YOSEMITE INTERNATIONAL, CA US","2023-12-21","54","58","51"
"USW00093193","FRESNO YOSEMITE INTERNATIONAL, CA US","2023-12-22","54","56","47"
"USW00093193","FRESNO YOSEMITE INTERNATIONAL, CA US","2023-12-23","51","59","47"
"USW00093193","FRESNO YOSEMITE INTERNATIONAL, CA US","2023-12-24","50","60","43"
"USW00093193","FRESNO YOSEMITE INTERNATIONAL, CA US","2023-12-25","53","61","47"
"USW00093193","FRESNO YOSEMITE INTERNATIONAL, CA US","2023-12-26","52","63","45"
"USW00093193","FRESNO YOSEMITE INTERNATIONAL, CA US","2023-12-27","54","64","46"
"USW00093193","FRESNO YOSEMITE INTERNATIONAL, CA US","2023-12-28","56","67","47"
"USW00093193","FRESNO YOSEMITE INTERNATIONAL, CA US","2023-12-29","57","69","48"
"USW00093193","FRESNO YOSEMITE INTERNATIONAL, CA US","2023-12-30","55","56","46"
"USW00093193","FRESNO YOSEMITE INTERNATIONAL, CA US","2023-12-31","51","58","45"
